{
    "prc": [
        {
            "precision": 0.24979502596337796,
            "recall": 1.0,
            "threshold": 0
        },
        {
            "precision": 0.33047210300429186,
            "recall": 0.9266958424507659,
            "threshold": 1
        }
    ]
}