{
    "prc": [
        {
            "precision": 0.24979502596337796,
            "recall": 1.0,
            "threshold": 0
        },
        {
            "precision": 0.7133689839572193,
            "recall": 0.7297592997811816,
            "threshold": 1
        }
    ]
}