{
    "roc": [
        {
            "fpr": 0.0,
            "tpr": 0.0,
            "threshold": 2
        },
        {
            "fpr": 0.09763205828779599,
            "tpr": 0.7297592997811816,
            "threshold": 1
        },
        {
            "fpr": 1.0,
            "tpr": 1.0,
            "threshold": 0
        }
    ]
}