{
    "train_score": 52.55102040816326,
    "test_score": 51.27083902705657,
    "roc_auc": 0.7683801461180663,
    "Logistic Accuracy": 0.5127083902705657
}