{
    "train_score": 100.0,
    "test_score": 85.92511615195409,
    "roc_auc": 0.8160636207466929,
    "Logistic Accuracy": 0.8592511615195408
}